{"cameraMode":{"drawMode":0,"name":"Shaded","section":"Shading Mode"},"sceneLighting":true,"audioPlay":false,"sceneViewState":{"m_AlwaysRefresh":false,"showFog":true,"showSkybox":true,"showFlares":true,"showImageEffects":true,"showParticleSystems":true,"showVisualEffectGraphs":true,"m_FxEnabled":true},"in2DMode":false,"pivot":{"x":134.18551635742188,"y":29.168193817138673,"z":132.92384338378907},"rotation":{"x":0.3976862132549286,"y":-0.5313872694969177,"z":0.31056204438209536,"w":0.6804590821266174},"size":0.6234544515609741,"orthographic":false}