{"cameraMode":{"drawMode":0,"name":"Shaded","section":"Shading Mode"},"sceneLighting":true,"audioPlay":false,"sceneViewState":{"m_AlwaysRefresh":false,"showFog":true,"showSkybox":true,"showFlares":true,"showImageEffects":true,"showParticleSystems":true,"showVisualEffectGraphs":true,"m_FxEnabled":true},"in2DMode":false,"pivot":{"x":132.45834350585938,"y":31.186874389648439,"z":132.31263732910157},"rotation":{"x":0.14779293537139893,"y":-0.8461547493934631,"z":0.4128150939941406,"w":0.30293530225753786},"size":79.20597839355469,"orthographic":false}